Age,Gender,Monthly_Spend,Satisfaction,Shopping_Frequency
46,Female,7736,6,2
32,Male,1391,8,5
25,Male,6892,5,6
38,Female,4561,10,7
36,Female,7184,5,4
40,Female,4099,5,7
28,Female,7278,5,8
28,Female,9392,7,1
41,Female,4104,10,6
53,Female,8215,5,8
41,Female,3454,8,5
20,Male,9996,9,4
39,Female,3731,5,2
19,Male,9154,7,6
41,Female,6056,10,6
47,Female,9110,7,1
19,Male,4840,5,9
38,Female,2028,10,6
50,Male,8385,9,3
29,Female,1502,5,4
39,Female,7910,7,4
42,Male,7938,6,3
44,Female,5488,8,3
45,Male,1206,7,3
33,Female,6134,10,4
32,Male,6977,5,7
20,Male,8721,8,4
54,Female,8035,5,9
24,Female,2484,10,1
38,Male,8858,5,8
26,Female,1863,6,7
35,Female,3790,8,2
21,Female,8408,8,8
42,Male,9755,10,1
31,Male,6116,6,9
26,Male,7019,7,9
43,Male,2757,5,2
19,Male,8574,9,7
37,Male,7374,5,3
45,Male,7892,5,7
24,Male,2678,7,9
25,Male,4242,5,4
52,Female,5636,6,1
31,Male,2059,6,2
34,Female,7668,8,1
53,Female,4157,10,5
21,Female,6915,9,5
19,Male,3693,5,7
23,Male,4627,5,9
21,Male,6450,7,9
